<?xml version="1.0" encoding="UTF-8"?>
<project-private xmlns="http://www.netbeans.org/ns/project-private/1">
    <editor-bookmarks xmlns="http://www.netbeans.org/ns/editor-bookmarks/2" lastBookmarkId="0"/>
    <open-files xmlns="http://www.netbeans.org/ns/projectui-open-files/2">
        <group>
            <file>file:/D:/Lab%20web/QuizOnline_400loc/QuizOnline/src/java/controller/StartQuiz.java</file>
            <file>file:/D:/Lab%20web/QuizOnline_400loc/QuizOnline/src/java/controller/ResultControl.java</file>
            <file>file:/D:/Lab%20web/QuizOnline_400loc/QuizOnline/web/TakeQuiz.jsp</file>
            <file>file:/D:/Lab%20web/QuizOnline_400loc/QuizOnline/web/js/takequizjs.js</file>
        </group>
    </open-files>
</project-private>
